2d/2d.sv.rtl.f,/p/hdk/cad/ctech/i3/ctech_exp_c4v23ww25/source/v,ctech_lib_bb_buf.sv
c16_g4pga_x4/c16_g4pga_x4.sv.rtl.f,/p/hdk/cad/ctech/i3/ctech_exp_c4v23ww25/source/v,ctech_lib_aon_inv.sv
csme/csme.sv.rtl.f,/p/hdk/cad/ctech/i3/ctech_exp_c4v23ww25/source/v,ctech_lib_msff_async_rst_en.sv
csme/csme.sv.rtl.f,/p/hdk/cad/ctech/i3/ctech_exp_c4v23ww25/source/v,ctech_lib_aon_inv.sv
d2d_ide/d2d_ide.sv.rtl.f,/p/hdk/cad/ctech/i3/ctech_exp_c4v23ww25/source/v,ctech_lib_bb_buf.sv
d2d_iipu/d2d_iipu.sv.rtl.f,/p/hdk/cad/ctech/i3/ctech_exp_c4v23ww25/source/v,ctech_lib_bb_buf.sv
d2d_inoc/d2d_inoc.sv.rtl.f,/p/hdk/cad/ctech/i3/ctech_exp_c4v23ww25/source/v,ctech_lib_bb_buf.sv
dfd_misc/dfd_misc.sv.rtl.f,/p/hdk/cad/ctech/i3/ctech_exp_c4v23ww25/source/v,ctech_lib_async_rst_latch_p.sv
dfd_misc/dfd_misc.sv.rtl.f,/p/hdk/cad/ctech/i3/ctech_exp_c4v23ww25/source/v,ctech_lib_aon_inv.sv
dfd_misc/dfd_misc.sv.rtl.f,/p/hdk/cad/ctech/i3/ctech_exp_c4v23ww25/source/v,ctech_lib_clk_gate_or_te.sv
dfd_misc/dfd_misc.sv.rtl.f,/p/hdk/cad/ctech/i3/ctech_exp_c4v23ww25/source/v,ctech_lib_clk_gate_te_rst.sv
dfd_misc/dfd_misc.sv.rtl.f,/p/hdk/cad/ctech/i3/ctech_exp_c4v23ww25/source/v,ctech_lib_clk_mux_2to1_glitchfree.sv
dfd_misc/dfd_misc.sv.rtl.f,/p/hdk/cad/ctech/i3/ctech_exp_c4v23ww25/source/v,ctech_lib_clk_rcb_and_without_latch.sv
dfd_misc/dfd_misc.sv.rtl.f,/p/hdk/cad/ctech/i3/ctech_exp_c4v23ww25/source/v,ctech_lib_clk_rcb_buf.sv
dfd_misc/dfd_misc.sv.rtl.f,/p/hdk/cad/ctech/i3/ctech_exp_c4v23ww25/source/v,ctech_lib_clk_rcb_or_without_latch.sv
dfd_misc/dfd_misc.sv.rtl.f,/p/hdk/cad/ctech/i3/ctech_exp_c4v23ww25/source/v,ctech_lib_glbdrv_buf.sv
dfd_misc/dfd_misc.sv.rtl.f,/p/hdk/cad/ctech/i3/ctech_exp_c4v23ww25/source/v,ctech_lib_glbdrv_inv.sv
dfd_misc/dfd_misc.sv.rtl.f,/p/hdk/cad/ctech/i3/ctech_exp_c4v23ww25/source/v,ctech_lib_glbdrvdiv1.sv
dfd_misc/dfd_misc.sv.rtl.f,/p/hdk/cad/ctech/i3/ctech_exp_c4v23ww25/source/v,ctech_lib_glbdrvdiv1_noscan.sv
dfd_misc/dfd_misc.sv.rtl.f,/p/hdk/cad/ctech/i3/ctech_exp_c4v23ww25/source/v,ctech_lib_glbdrvdiv2.sv
dfd_misc/dfd_misc.sv.rtl.f,/p/hdk/cad/ctech/i3/ctech_exp_c4v23ww25/source/v,ctech_lib_glbdrvdiv2_noscan.sv
dfd_misc/dfd_misc.sv.rtl.f,/p/hdk/cad/ctech/i3/ctech_exp_c4v23ww25/source/v,ctech_lib_glbdrvdiv2_scanmux.sv
dfd_misc/dfd_misc.sv.rtl.f,/p/hdk/cad/ctech/i3/ctech_exp_c4v23ww25/source/v,ctech_lib_glbdrvdiv4or2.sv
dfd_misc/dfd_misc.sv.rtl.f,/p/hdk/cad/ctech/i3/ctech_exp_c4v23ww25/source/v,ctech_lib_glbdrvls_clken.sv
dfd_misc/dfd_misc.sv.rtl.f,/p/hdk/cad/ctech/i3/ctech_exp_c4v23ww25/source/v,ctech_lib_latch_async_rst.sv
dfd_misc/dfd_misc.sv.rtl.f,/p/hdk/cad/ctech/i3/ctech_exp_c4v23ww25/source/v,ctech_lib_latch_async_rst_set.sv
dfd_misc/dfd_misc.sv.rtl.f,/p/hdk/cad/ctech/i3/ctech_exp_c4v23ww25/source/v,ctech_lib_latch_async_set.sv
dfd_misc/dfd_misc.sv.rtl.f,/p/hdk/cad/ctech/i3/ctech_exp_c4v23ww25/source/v,ctech_lib_msff_async_rst_en.sv
dfd_misc/dfd_misc.sv.rtl.f,/p/hdk/cad/ctech/i3/ctech_exp_c4v23ww25/source/v,ctech_lib_msff_async_rst_set.sv
dfd_misc/dfd_misc.sv.rtl.f,/p/hdk/cad/ctech/i3/ctech_exp_c4v23ww25/source/v,ctech_lib_msff_async_rst_set_clkb.sv
dfd_misc/dfd_misc.sv.rtl.f,/p/hdk/cad/ctech/i3/ctech_exp_c4v23ww25/source/v,ctech_lib_msff_async_rstb_scan.sv
dfd_misc/dfd_misc.sv.rtl.f,/p/hdk/cad/ctech/i3/ctech_exp_c4v23ww25/source/v,ctech_lib_msff_clkb.sv
dfd_misc/dfd_misc.sv.rtl.f,/p/hdk/cad/ctech/i3/ctech_exp_c4v23ww25/source/v,ctech_lib_programmable_delay_clk_buf.sv
dfd_misc/dfd_misc.sv.rtl.f,/p/hdk/cad/ctech/i3/ctech_exp_c4v23ww25/source/v,ctech_lib_rcb_and.sv
dfd_misc/dfd_misc.sv.rtl.f,/p/hdk/cad/ctech/i3/ctech_exp_c4v23ww25/source/v,ctech_lib_self_det0_levelshifter.sv
dfd_misc/dfd_misc.sv.rtl.f,/p/hdk/cad/ctech/i3/ctech_exp_c4v23ww25/source/v,ctech_lib_tieoff_0.sv
dfd_misc/dfd_misc.sv.rtl.f,/p/hdk/cad/ctech/i3/ctech_exp_c4v23ww25/source/v,ctech_lib_tieoff_1.sv
dft_misc/dft_misc.sv.rtl.f,/p/hdk/cad/ctech/i3/ctech_exp_c4v23ww25/source/v,ctech_lib_async_rst_latch_p.sv
dft_misc/dft_misc.sv.rtl.f,/p/hdk/cad/ctech/i3/ctech_exp_c4v23ww25/source/v,ctech_lib_aon_inv.sv
dft_misc/dft_misc.sv.rtl.f,/p/hdk/cad/ctech/i3/ctech_exp_c4v23ww25/source/v,ctech_lib_clk_gate_or_te.sv
dft_misc/dft_misc.sv.rtl.f,/p/hdk/cad/ctech/i3/ctech_exp_c4v23ww25/source/v,ctech_lib_clk_gate_te_rst.sv
dft_misc/dft_misc.sv.rtl.f,/p/hdk/cad/ctech/i3/ctech_exp_c4v23ww25/source/v,ctech_lib_clk_mux_2to1_glitchfree.sv
dft_misc/dft_misc.sv.rtl.f,/p/hdk/cad/ctech/i3/ctech_exp_c4v23ww25/source/v,ctech_lib_clk_rcb_and_without_latch.sv
dft_misc/dft_misc.sv.rtl.f,/p/hdk/cad/ctech/i3/ctech_exp_c4v23ww25/source/v,ctech_lib_clk_rcb_buf.sv
dft_misc/dft_misc.sv.rtl.f,/p/hdk/cad/ctech/i3/ctech_exp_c4v23ww25/source/v,ctech_lib_clk_rcb_or_without_latch.sv
dft_misc/dft_misc.sv.rtl.f,/p/hdk/cad/ctech/i3/ctech_exp_c4v23ww25/source/v,ctech_lib_glbdrv_buf.sv
dft_misc/dft_misc.sv.rtl.f,/p/hdk/cad/ctech/i3/ctech_exp_c4v23ww25/source/v,ctech_lib_glbdrv_inv.sv
dft_misc/dft_misc.sv.rtl.f,/p/hdk/cad/ctech/i3/ctech_exp_c4v23ww25/source/v,ctech_lib_glbdrvdiv1.sv
dft_misc/dft_misc.sv.rtl.f,/p/hdk/cad/ctech/i3/ctech_exp_c4v23ww25/source/v,ctech_lib_glbdrvdiv1_noscan.sv
dft_misc/dft_misc.sv.rtl.f,/p/hdk/cad/ctech/i3/ctech_exp_c4v23ww25/source/v,ctech_lib_glbdrvdiv2.sv
dft_misc/dft_misc.sv.rtl.f,/p/hdk/cad/ctech/i3/ctech_exp_c4v23ww25/source/v,ctech_lib_glbdrvdiv2_noscan.sv
dft_misc/dft_misc.sv.rtl.f,/p/hdk/cad/ctech/i3/ctech_exp_c4v23ww25/source/v,ctech_lib_glbdrvdiv2_scanmux.sv
dft_misc/dft_misc.sv.rtl.f,/p/hdk/cad/ctech/i3/ctech_exp_c4v23ww25/source/v,ctech_lib_glbdrvdiv4or2.sv
dft_misc/dft_misc.sv.rtl.f,/p/hdk/cad/ctech/i3/ctech_exp_c4v23ww25/source/v,ctech_lib_glbdrvls_clken.sv
dft_misc/dft_misc.sv.rtl.f,/p/hdk/cad/ctech/i3/ctech_exp_c4v23ww25/source/v,ctech_lib_latch_async_rst.sv
dft_misc/dft_misc.sv.rtl.f,/p/hdk/cad/ctech/i3/ctech_exp_c4v23ww25/source/v,ctech_lib_latch_async_rst_set.sv
dft_misc/dft_misc.sv.rtl.f,/p/hdk/cad/ctech/i3/ctech_exp_c4v23ww25/source/v,ctech_lib_latch_async_set.sv
dft_misc/dft_misc.sv.rtl.f,/p/hdk/cad/ctech/i3/ctech_exp_c4v23ww25/source/v,ctech_lib_msff_async_rst_en.sv
dft_misc/dft_misc.sv.rtl.f,/p/hdk/cad/ctech/i3/ctech_exp_c4v23ww25/source/v,ctech_lib_msff_async_rst_set.sv
dft_misc/dft_misc.sv.rtl.f,/p/hdk/cad/ctech/i3/ctech_exp_c4v23ww25/source/v,ctech_lib_msff_async_rst_set_clkb.sv
dft_misc/dft_misc.sv.rtl.f,/p/hdk/cad/ctech/i3/ctech_exp_c4v23ww25/source/v,ctech_lib_msff_async_rstb_scan.sv
dft_misc/dft_misc.sv.rtl.f,/p/hdk/cad/ctech/i3/ctech_exp_c4v23ww25/source/v,ctech_lib_msff_clkb.sv
dft_misc/dft_misc.sv.rtl.f,/p/hdk/cad/ctech/i3/ctech_exp_c4v23ww25/source/v,ctech_lib_programmable_delay_clk_buf.sv
dft_misc/dft_misc.sv.rtl.f,/p/hdk/cad/ctech/i3/ctech_exp_c4v23ww25/source/v,ctech_lib_rcb_and.sv
dft_misc/dft_misc.sv.rtl.f,/p/hdk/cad/ctech/i3/ctech_exp_c4v23ww25/source/v,ctech_lib_self_det0_levelshifter.sv
dft_misc/dft_misc.sv.rtl.f,/p/hdk/cad/ctech/i3/ctech_exp_c4v23ww25/source/v,ctech_lib_tieoff_0.sv
dft_misc/dft_misc.sv.rtl.f,/p/hdk/cad/ctech/i3/ctech_exp_c4v23ww25/source/v,ctech_lib_tieoff_1.sv
dfx/dfx.sv.rtl.f,/p/hdk/cad/ctech/i3/ctech_exp_c4v23ww25/source/v,ctech_lib_async_rst_latch_p.sv
dfx/dfx.sv.rtl.f,/p/hdk/cad/ctech/i3/ctech_exp_c4v23ww25/source/v,ctech_lib_aon_inv.sv
dfx/dfx.sv.rtl.f,/p/hdk/cad/ctech/i3/ctech_exp_c4v23ww25/source/v,ctech_lib_clk_gate_or_te.sv
dfx/dfx.sv.rtl.f,/p/hdk/cad/ctech/i3/ctech_exp_c4v23ww25/source/v,ctech_lib_clk_gate_te_rst.sv
dfx/dfx.sv.rtl.f,/p/hdk/cad/ctech/i3/ctech_exp_c4v23ww25/source/v,ctech_lib_clk_mux_2to1_glitchfree.sv
dfx/dfx.sv.rtl.f,/p/hdk/cad/ctech/i3/ctech_exp_c4v23ww25/source/v,ctech_lib_clk_rcb_and_without_latch.sv
dfx/dfx.sv.rtl.f,/p/hdk/cad/ctech/i3/ctech_exp_c4v23ww25/source/v,ctech_lib_clk_rcb_buf.sv
dfx/dfx.sv.rtl.f,/p/hdk/cad/ctech/i3/ctech_exp_c4v23ww25/source/v,ctech_lib_clk_rcb_or_without_latch.sv
dfx/dfx.sv.rtl.f,/p/hdk/cad/ctech/i3/ctech_exp_c4v23ww25/source/v,ctech_lib_glbdrv_buf.sv
dfx/dfx.sv.rtl.f,/p/hdk/cad/ctech/i3/ctech_exp_c4v23ww25/source/v,ctech_lib_glbdrv_inv.sv
dfx/dfx.sv.rtl.f,/p/hdk/cad/ctech/i3/ctech_exp_c4v23ww25/source/v,ctech_lib_glbdrvdiv1.sv
dfx/dfx.sv.rtl.f,/p/hdk/cad/ctech/i3/ctech_exp_c4v23ww25/source/v,ctech_lib_glbdrvdiv1_noscan.sv
dfx/dfx.sv.rtl.f,/p/hdk/cad/ctech/i3/ctech_exp_c4v23ww25/source/v,ctech_lib_glbdrvdiv2.sv
dfx/dfx.sv.rtl.f,/p/hdk/cad/ctech/i3/ctech_exp_c4v23ww25/source/v,ctech_lib_glbdrvdiv2_noscan.sv
dfx/dfx.sv.rtl.f,/p/hdk/cad/ctech/i3/ctech_exp_c4v23ww25/source/v,ctech_lib_glbdrvdiv2_scanmux.sv
dfx/dfx.sv.rtl.f,/p/hdk/cad/ctech/i3/ctech_exp_c4v23ww25/source/v,ctech_lib_glbdrvdiv4or2.sv
dfx/dfx.sv.rtl.f,/p/hdk/cad/ctech/i3/ctech_exp_c4v23ww25/source/v,ctech_lib_glbdrvls_clken.sv
dfx/dfx.sv.rtl.f,/p/hdk/cad/ctech/i3/ctech_exp_c4v23ww25/source/v,ctech_lib_latch_async_rst.sv
dfx/dfx.sv.rtl.f,/p/hdk/cad/ctech/i3/ctech_exp_c4v23ww25/source/v,ctech_lib_latch_async_rst_set.sv
dfx/dfx.sv.rtl.f,/p/hdk/cad/ctech/i3/ctech_exp_c4v23ww25/source/v,ctech_lib_latch_async_set.sv
dfx/dfx.sv.rtl.f,/p/hdk/cad/ctech/i3/ctech_exp_c4v23ww25/source/v,ctech_lib_msff_async_rst_en.sv
dfx/dfx.sv.rtl.f,/p/hdk/cad/ctech/i3/ctech_exp_c4v23ww25/source/v,ctech_lib_msff_async_rst_set.sv
dfx/dfx.sv.rtl.f,/p/hdk/cad/ctech/i3/ctech_exp_c4v23ww25/source/v,ctech_lib_msff_async_rst_set_clkb.sv
dfx/dfx.sv.rtl.f,/p/hdk/cad/ctech/i3/ctech_exp_c4v23ww25/source/v,ctech_lib_msff_async_rstb_scan.sv
dfx/dfx.sv.rtl.f,/p/hdk/cad/ctech/i3/ctech_exp_c4v23ww25/source/v,ctech_lib_msff_clkb.sv
dfx/dfx.sv.rtl.f,/p/hdk/cad/ctech/i3/ctech_exp_c4v23ww25/source/v,ctech_lib_programmable_delay_clk_buf.sv
dfx/dfx.sv.rtl.f,/p/hdk/cad/ctech/i3/ctech_exp_c4v23ww25/source/v,ctech_lib_rcb_and.sv
dfx/dfx.sv.rtl.f,/p/hdk/cad/ctech/i3/ctech_exp_c4v23ww25/source/v,ctech_lib_self_det0_levelshifter.sv
dfx/dfx.sv.rtl.f,/p/hdk/cad/ctech/i3/ctech_exp_c4v23ww25/source/v,ctech_lib_tieoff_0.sv
dfx/dfx.sv.rtl.f,/p/hdk/cad/ctech/i3/ctech_exp_c4v23ww25/source/v,ctech_lib_tieoff_1.sv
dicc/dicc.sv.rtl.f,/p/hdk/cad/ctech/i3/ctech_exp_c4v23ww25/source/v,ctech_lib_clk_mux_2to1_glitchfree.sv
draft/draft.sv.rtl.f,/p/hdk/cad/ctech/i3/ctech_exp_c4v23ww25/source/v,ctech_lib_async_rst_latch_p.sv
draft/draft.sv.rtl.f,/p/hdk/cad/ctech/i3/ctech_exp_c4v23ww25/source/v,ctech_lib_clk_mux_2to1_glitchfree.sv
draft/draft.sv.rtl.f,/p/hdk/cad/ctech/i3/ctech_exp_c4v23ww25/source/v,ctech_lib_latch_async_rst.sv
draft/draft.sv.rtl.f,/p/hdk/cad/ctech/i3/ctech_exp_c4v23ww25/source/v,ctech_lib_latch_async_rst_set.sv
draft/draft.sv.rtl.f,/p/hdk/cad/ctech/i3/ctech_exp_c4v23ww25/source/v,ctech_lib_latch_async_set.sv
draft/draft.sv.rtl.f,/p/hdk/cad/ctech/i3/ctech_exp_c4v23ww25/source/v,ctech_lib_msff_async_rst_en.sv
draft/draft.sv.rtl.f,/p/hdk/cad/ctech/i3/ctech_exp_c4v23ww25/source/v,ctech_lib_msff_async_rst_set.sv
draft/draft.sv.rtl.f,/p/hdk/cad/ctech/i3/ctech_exp_c4v23ww25/source/v,ctech_lib_msff_async_rst_set_clkb.sv
draft/draft.sv.rtl.f,/p/hdk/cad/ctech/i3/ctech_exp_c4v23ww25/source/v,ctech_lib_msff_async_rstb_scan.sv
draft/draft.sv.rtl.f,/p/hdk/cad/ctech/i3/ctech_exp_c4v23ww25/source/v,ctech_lib_msff_clkb.sv
draft/draft.sv.rtl.f,/p/hdk/cad/ctech/i3/ctech_exp_c4v23ww25/source/v,ctech_lib_rcb_and.sv
draft/draft.sv.rtl.f,/p/hdk/cad/ctech/i3/ctech_exp_c4v23ww25/source/v,ctech_lib_tieoff_0.sv
draft/draft.sv.rtl.f,/p/hdk/cad/ctech/i3/ctech_exp_c4v23ww25/source/v,ctech_lib_tieoff_1.sv
edpphy_pga/edpphy_pga.sv.rtl.f,/p/hdk/cad/ctech/i3/ctech_exp_c4v23ww25/source/v,ctech_lib_aon_inv.sv
ese/ese.sv.rtl.f,/p/hdk/cad/ctech/i3/ctech_exp_c4v23ww25/source/v,ctech_lib_aon_inv.sv
exi/exi.sv.rtl.f,/p/hdk/cad/ctech/i3/ctech_exp_c4v23ww25/source/v,ctech_lib_latch_async_rst.sv
exi/exi.sv.rtl.f,/p/hdk/cad/ctech/i3/ctech_exp_c4v23ww25/source/v,ctech_lib_latch_async_set.sv
exi/exi.sv.rtl.f,/p/hdk/cad/ctech/i3/ctech_exp_c4v23ww25/source/v,ctech_lib_aon_inv.sv
fproxy/fproxy.sv.rtl.f,/p/hdk/cad/ctech/i3/ctech_exp_c4v23ww25/source/v,ctech_lib_async_rst_latch_p.sv
fproxy/fproxy.sv.rtl.f,/p/hdk/cad/ctech/i3/ctech_exp_c4v23ww25/source/v,ctech_lib_latch_async_rst_set.sv
fproxy/fproxy.sv.rtl.f,/p/hdk/cad/ctech/i3/ctech_exp_c4v23ww25/source/v,ctech_lib_msff_async_rst_set.sv
fproxy/fproxy.sv.rtl.f,/p/hdk/cad/ctech/i3/ctech_exp_c4v23ww25/source/v,ctech_lib_tieoff_0.sv
fuse/fuse.sv.rtl.f,/p/hdk/cad/ctech/i3/ctech_exp_c4v23ww25/source/v,ctech_lib_aon_inv.sv
fuseosse/fuseosse.sv.rtl.f,/p/hdk/cad/ctech/i3/ctech_exp_c4v23ww25/source/v,ctech_lib_aon_inv.sv
g4pcie4x4/g4pcie4x4.sv.rtl.f,/p/hdk/cad/ctech/i3/ctech_exp_c4v23ww25/source/v,ctech_lib_async_rst_latch_p.sv
g4pcie4x4/g4pcie4x4.sv.rtl.f,/p/hdk/cad/ctech/i3/ctech_exp_c4v23ww25/source/v,ctech_lib_aon_inv.sv
g4pcie4x4/g4pcie4x4.sv.rtl.f,/p/hdk/cad/ctech/i3/ctech_exp_c4v23ww25/source/v,ctech_lib_clk_gate_or_te.sv
g4pcie4x4/g4pcie4x4.sv.rtl.f,/p/hdk/cad/ctech/i3/ctech_exp_c4v23ww25/source/v,ctech_lib_bb_buf.sv
g4pcie4x4/g4pcie4x4.sv.rtl.f,/p/hdk/cad/ctech/i3/ctech_exp_c4v23ww25/source/v,ctech_lib_clk_gate_te_rst.sv
g4pcie4x4/g4pcie4x4.sv.rtl.f,/p/hdk/cad/ctech/i3/ctech_exp_c4v23ww25/source/v,ctech_lib_clk_mux_2to1_glitchfree.sv
g4pcie4x4/g4pcie4x4.sv.rtl.f,/p/hdk/cad/ctech/i3/ctech_exp_c4v23ww25/source/v,ctech_lib_clk_rcb_and_without_latch.sv
g4pcie4x4/g4pcie4x4.sv.rtl.f,/p/hdk/cad/ctech/i3/ctech_exp_c4v23ww25/source/v,ctech_lib_clk_rcb_buf.sv
g4pcie4x4/g4pcie4x4.sv.rtl.f,/p/hdk/cad/ctech/i3/ctech_exp_c4v23ww25/source/v,ctech_lib_clk_rcb_or_without_latch.sv
g4pcie4x4/g4pcie4x4.sv.rtl.f,/p/hdk/cad/ctech/i3/ctech_exp_c4v23ww25/source/v,ctech_lib_glbdrv_buf.sv
g4pcie4x4/g4pcie4x4.sv.rtl.f,/p/hdk/cad/ctech/i3/ctech_exp_c4v23ww25/source/v,ctech_lib_glbdrv_inv.sv
g4pcie4x4/g4pcie4x4.sv.rtl.f,/p/hdk/cad/ctech/i3/ctech_exp_c4v23ww25/source/v,ctech_lib_glbdrvdiv1.sv
g4pcie4x4/g4pcie4x4.sv.rtl.f,/p/hdk/cad/ctech/i3/ctech_exp_c4v23ww25/source/v,ctech_lib_glbdrvdiv1_noscan.sv
g4pcie4x4/g4pcie4x4.sv.rtl.f,/p/hdk/cad/ctech/i3/ctech_exp_c4v23ww25/source/v,ctech_lib_glbdrvdiv2.sv
g4pcie4x4/g4pcie4x4.sv.rtl.f,/p/hdk/cad/ctech/i3/ctech_exp_c4v23ww25/source/v,ctech_lib_glbdrvdiv2_noscan.sv
g4pcie4x4/g4pcie4x4.sv.rtl.f,/p/hdk/cad/ctech/i3/ctech_exp_c4v23ww25/source/v,ctech_lib_glbdrvdiv2_scanmux.sv
g4pcie4x4/g4pcie4x4.sv.rtl.f,/p/hdk/cad/ctech/i3/ctech_exp_c4v23ww25/source/v,ctech_lib_glbdrvdiv4or2.sv
g4pcie4x4/g4pcie4x4.sv.rtl.f,/p/hdk/cad/ctech/i3/ctech_exp_c4v23ww25/source/v,ctech_lib_glbdrvls_clken.sv
g4pcie4x4/g4pcie4x4.sv.rtl.f,/p/hdk/cad/ctech/i3/ctech_exp_c4v23ww25/source/v,ctech_lib_latch_async_rst.sv
g4pcie4x4/g4pcie4x4.sv.rtl.f,/p/hdk/cad/ctech/i3/ctech_exp_c4v23ww25/source/v,ctech_lib_latch_async_rst_set.sv
g4pcie4x4/g4pcie4x4.sv.rtl.f,/p/hdk/cad/ctech/i3/ctech_exp_c4v23ww25/source/v,ctech_lib_latch_async_set.sv
g4pcie4x4/g4pcie4x4.sv.rtl.f,/p/hdk/cad/ctech/i3/ctech_exp_c4v23ww25/source/v,ctech_lib_msff_async_rst_en.sv
g4pcie4x4/g4pcie4x4.sv.rtl.f,/p/hdk/cad/ctech/i3/ctech_exp_c4v23ww25/source/v,ctech_lib_msff_async_rst_set.sv
g4pcie4x4/g4pcie4x4.sv.rtl.f,/p/hdk/cad/ctech/i3/ctech_exp_c4v23ww25/source/v,ctech_lib_msff_async_rst_set_clkb.sv
g4pcie4x4/g4pcie4x4.sv.rtl.f,/p/hdk/cad/ctech/i3/ctech_exp_c4v23ww25/source/v,ctech_lib_msff_async_rstb_scan.sv
g4pcie4x4/g4pcie4x4.sv.rtl.f,/p/hdk/cad/ctech/i3/ctech_exp_c4v23ww25/source/v,ctech_lib_msff_clkb.sv
g4pcie4x4/g4pcie4x4.sv.rtl.f,/p/hdk/cad/ctech/i3/ctech_exp_c4v23ww25/source/v,ctech_lib_programmable_delay_clk_buf.sv
g4pcie4x4/g4pcie4x4.sv.rtl.f,/p/hdk/cad/ctech/i3/ctech_exp_c4v23ww25/source/v,ctech_lib_rcb_and.sv
g4pcie4x4/g4pcie4x4.sv.rtl.f,/p/hdk/cad/ctech/i3/ctech_exp_c4v23ww25/source/v,ctech_lib_self_det0_levelshifter.sv
g4pcie4x4/g4pcie4x4.sv.rtl.f,/p/hdk/cad/ctech/i3/ctech_exp_c4v23ww25/source/v,ctech_lib_tieoff_0.sv
g4pcie4x4/g4pcie4x4.sv.rtl.f,/p/hdk/cad/ctech/i3/ctech_exp_c4v23ww25/source/v,ctech_lib_tieoff_1.sv
g5ss_dfx_pcieg5/g5ss_dfx_pcieg5.sv.rtl.f,/p/hdk/cad/ctech/i3/ctech_exp_c4v23ww25/source/v,ctech_lib_async_rst_latch_p.sv
g5ss_dfx_pcieg5/g5ss_dfx_pcieg5.sv.rtl.f,/p/hdk/cad/ctech/i3/ctech_exp_c4v23ww25/source/v,ctech_lib_aon_inv.sv
g5ss_dfx_pcieg5/g5ss_dfx_pcieg5.sv.rtl.f,/p/hdk/cad/ctech/i3/ctech_exp_c4v23ww25/source/v,ctech_lib_clk_gate_or_te.sv
g5ss_dfx_pcieg5/g5ss_dfx_pcieg5.sv.rtl.f,/p/hdk/cad/ctech/i3/ctech_exp_c4v23ww25/source/v,ctech_lib_clk_gate_te_rst.sv
g5ss_dfx_pcieg5/g5ss_dfx_pcieg5.sv.rtl.f,/p/hdk/cad/ctech/i3/ctech_exp_c4v23ww25/source/v,ctech_lib_clk_mux_2to1_glitchfree.sv
g5ss_dfx_pcieg5/g5ss_dfx_pcieg5.sv.rtl.f,/p/hdk/cad/ctech/i3/ctech_exp_c4v23ww25/source/v,ctech_lib_clk_rcb_and_without_latch.sv
g5ss_dfx_pcieg5/g5ss_dfx_pcieg5.sv.rtl.f,/p/hdk/cad/ctech/i3/ctech_exp_c4v23ww25/source/v,ctech_lib_clk_rcb_buf.sv
g5ss_dfx_pcieg5/g5ss_dfx_pcieg5.sv.rtl.f,/p/hdk/cad/ctech/i3/ctech_exp_c4v23ww25/source/v,ctech_lib_clk_rcb_or_without_latch.sv
g5ss_dfx_pcieg5/g5ss_dfx_pcieg5.sv.rtl.f,/p/hdk/cad/ctech/i3/ctech_exp_c4v23ww25/source/v,ctech_lib_glbdrv_buf.sv
g5ss_dfx_pcieg5/g5ss_dfx_pcieg5.sv.rtl.f,/p/hdk/cad/ctech/i3/ctech_exp_c4v23ww25/source/v,ctech_lib_glbdrv_inv.sv
g5ss_dfx_pcieg5/g5ss_dfx_pcieg5.sv.rtl.f,/p/hdk/cad/ctech/i3/ctech_exp_c4v23ww25/source/v,ctech_lib_glbdrvdiv1.sv
g5ss_dfx_pcieg5/g5ss_dfx_pcieg5.sv.rtl.f,/p/hdk/cad/ctech/i3/ctech_exp_c4v23ww25/source/v,ctech_lib_glbdrvdiv1_noscan.sv
g5ss_dfx_pcieg5/g5ss_dfx_pcieg5.sv.rtl.f,/p/hdk/cad/ctech/i3/ctech_exp_c4v23ww25/source/v,ctech_lib_glbdrvdiv2.sv
g5ss_dfx_pcieg5/g5ss_dfx_pcieg5.sv.rtl.f,/p/hdk/cad/ctech/i3/ctech_exp_c4v23ww25/source/v,ctech_lib_glbdrvdiv2_noscan.sv
g5ss_dfx_pcieg5/g5ss_dfx_pcieg5.sv.rtl.f,/p/hdk/cad/ctech/i3/ctech_exp_c4v23ww25/source/v,ctech_lib_glbdrvdiv2_scanmux.sv
g5ss_dfx_pcieg5/g5ss_dfx_pcieg5.sv.rtl.f,/p/hdk/cad/ctech/i3/ctech_exp_c4v23ww25/source/v,ctech_lib_glbdrvdiv4or2.sv
g5ss_dfx_pcieg5/g5ss_dfx_pcieg5.sv.rtl.f,/p/hdk/cad/ctech/i3/ctech_exp_c4v23ww25/source/v,ctech_lib_glbdrvls_clken.sv
g5ss_dfx_pcieg5/g5ss_dfx_pcieg5.sv.rtl.f,/p/hdk/cad/ctech/i3/ctech_exp_c4v23ww25/source/v,ctech_lib_latch_async_rst.sv
g5ss_dfx_pcieg5/g5ss_dfx_pcieg5.sv.rtl.f,/p/hdk/cad/ctech/i3/ctech_exp_c4v23ww25/source/v,ctech_lib_latch_async_rst_set.sv
g5ss_dfx_pcieg5/g5ss_dfx_pcieg5.sv.rtl.f,/p/hdk/cad/ctech/i3/ctech_exp_c4v23ww25/source/v,ctech_lib_latch_async_set.sv
g5ss_dfx_pcieg5/g5ss_dfx_pcieg5.sv.rtl.f,/p/hdk/cad/ctech/i3/ctech_exp_c4v23ww25/source/v,ctech_lib_msff_async_rst_en.sv
g5ss_dfx_pcieg5/g5ss_dfx_pcieg5.sv.rtl.f,/p/hdk/cad/ctech/i3/ctech_exp_c4v23ww25/source/v,ctech_lib_msff_async_rst_set.sv
g5ss_dfx_pcieg5/g5ss_dfx_pcieg5.sv.rtl.f,/p/hdk/cad/ctech/i3/ctech_exp_c4v23ww25/source/v,ctech_lib_msff_async_rst_set_clkb.sv
g5ss_dfx_pcieg5/g5ss_dfx_pcieg5.sv.rtl.f,/p/hdk/cad/ctech/i3/ctech_exp_c4v23ww25/source/v,ctech_lib_msff_async_rstb_scan.sv
g5ss_dfx_pcieg5/g5ss_dfx_pcieg5.sv.rtl.f,/p/hdk/cad/ctech/i3/ctech_exp_c4v23ww25/source/v,ctech_lib_msff_clkb.sv
g5ss_dfx_pcieg5/g5ss_dfx_pcieg5.sv.rtl.f,/p/hdk/cad/ctech/i3/ctech_exp_c4v23ww25/source/v,ctech_lib_programmable_delay_clk_buf.sv
g5ss_dfx_pcieg5/g5ss_dfx_pcieg5.sv.rtl.f,/p/hdk/cad/ctech/i3/ctech_exp_c4v23ww25/source/v,ctech_lib_rcb_and.sv
g5ss_dfx_pcieg5/g5ss_dfx_pcieg5.sv.rtl.f,/p/hdk/cad/ctech/i3/ctech_exp_c4v23ww25/source/v,ctech_lib_self_det0_levelshifter.sv
g5ss_dfx_pcieg5/g5ss_dfx_pcieg5.sv.rtl.f,/p/hdk/cad/ctech/i3/ctech_exp_c4v23ww25/source/v,ctech_lib_tieoff_0.sv
g5ss_dfx_pcieg5/g5ss_dfx_pcieg5.sv.rtl.f,/p/hdk/cad/ctech/i3/ctech_exp_c4v23ww25/source/v,ctech_lib_tieoff_1.sv
g5ss_draft/g5ss_draft.sv.rtl.f,/p/hdk/cad/ctech/i3/ctech_exp_c4v23ww25/source/v,ctech_lib_async_rst_latch_p.sv
g5ss_draft/g5ss_draft.sv.rtl.f,/p/hdk/cad/ctech/i3/ctech_exp_c4v23ww25/source/v,ctech_lib_clk_mux_2to1_glitchfree.sv
g5ss_draft/g5ss_draft.sv.rtl.f,/p/hdk/cad/ctech/i3/ctech_exp_c4v23ww25/source/v,ctech_lib_latch_async_rst.sv
g5ss_draft/g5ss_draft.sv.rtl.f,/p/hdk/cad/ctech/i3/ctech_exp_c4v23ww25/source/v,ctech_lib_latch_async_rst_set.sv
g5ss_draft/g5ss_draft.sv.rtl.f,/p/hdk/cad/ctech/i3/ctech_exp_c4v23ww25/source/v,ctech_lib_latch_async_set.sv
g5ss_draft/g5ss_draft.sv.rtl.f,/p/hdk/cad/ctech/i3/ctech_exp_c4v23ww25/source/v,ctech_lib_msff_async_rst_en.sv
g5ss_draft/g5ss_draft.sv.rtl.f,/p/hdk/cad/ctech/i3/ctech_exp_c4v23ww25/source/v,ctech_lib_msff_async_rst_set.sv
g5ss_draft/g5ss_draft.sv.rtl.f,/p/hdk/cad/ctech/i3/ctech_exp_c4v23ww25/source/v,ctech_lib_msff_async_rst_set_clkb.sv
g5ss_draft/g5ss_draft.sv.rtl.f,/p/hdk/cad/ctech/i3/ctech_exp_c4v23ww25/source/v,ctech_lib_msff_async_rstb_scan.sv
g5ss_draft/g5ss_draft.sv.rtl.f,/p/hdk/cad/ctech/i3/ctech_exp_c4v23ww25/source/v,ctech_lib_msff_clkb.sv
g5ss_draft/g5ss_draft.sv.rtl.f,/p/hdk/cad/ctech/i3/ctech_exp_c4v23ww25/source/v,ctech_lib_rcb_and.sv
g5ss_draft/g5ss_draft.sv.rtl.f,/p/hdk/cad/ctech/i3/ctech_exp_c4v23ww25/source/v,ctech_lib_tieoff_0.sv
g5ss_draft/g5ss_draft.sv.rtl.f,/p/hdk/cad/ctech/i3/ctech_exp_c4v23ww25/source/v,ctech_lib_tieoff_1.sv
g5ss_pcie/g5ss_pcie.sv.rtl.f,/p/hdk/cad/ctech/i3/ctech_exp_c4v23ww25/source/v,ctech_lib_msff_async_rstb_scan.sv
g5ss_pga/g5ss_pga.sv.rtl.f,/p/hdk/cad/ctech/i3/ctech_exp_c4v23ww25/source/v,ctech_lib_aon_inv.sv
g5ss_soc_visa/g5ss_soc_visa.sv.rtl.f,/p/hdk/cad/ctech//ctech_exp_c3v18ww37c_hdk153_sip_sbx/source/CTECH_EXP_rtl_lib_top.vs
g5ss_soc_visa/g5ss_soc_visa.sv.rtl.f,/p/hdk/cad/ctech/i3/ctech_exp_c4v23ww25/source/v,ctech_lib_async_rst_latch_p.sv
g5ss_soc_visa/g5ss_soc_visa.sv.rtl.f,/p/hdk/cad/ctech/i3/ctech_exp_c4v23ww25/source/v,ctech_lib_clk_mux_2to1_glitchfree.sv
g5ss_soc_visa/g5ss_soc_visa.sv.rtl.f,/p/hdk/cad/ctech/i3/ctech_exp_c4v23ww25/source/v,ctech_lib_latch_async_rst.sv
g5ss_soc_visa/g5ss_soc_visa.sv.rtl.f,/p/hdk/cad/ctech/i3/ctech_exp_c4v23ww25/source/v,ctech_lib_latch_async_rst_set.sv
g5ss_soc_visa/g5ss_soc_visa.sv.rtl.f,/p/hdk/cad/ctech/i3/ctech_exp_c4v23ww25/source/v,ctech_lib_latch_async_set.sv
g5ss_soc_visa/g5ss_soc_visa.sv.rtl.f,/p/hdk/cad/ctech/i3/ctech_exp_c4v23ww25/source/v,ctech_lib_msff_async_rst_en.sv
g5ss_soc_visa/g5ss_soc_visa.sv.rtl.f,/p/hdk/cad/ctech/i3/ctech_exp_c4v23ww25/source/v,ctech_lib_msff_async_rst_set.sv
g5ss_soc_visa/g5ss_soc_visa.sv.rtl.f,/p/hdk/cad/ctech/i3/ctech_exp_c4v23ww25/source/v,ctech_lib_msff_async_rst_set_clkb.sv
g5ss_soc_visa/g5ss_soc_visa.sv.rtl.f,/p/hdk/cad/ctech/i3/ctech_exp_c4v23ww25/source/v,ctech_lib_msff_async_rstb_scan.sv
g5ss_soc_visa/g5ss_soc_visa.sv.rtl.f,/p/hdk/cad/ctech/i3/ctech_exp_c4v23ww25/source/v,ctech_lib_msff_clkb.sv
g5ss_soc_visa/g5ss_soc_visa.sv.rtl.f,/p/hdk/cad/ctech/i3/ctech_exp_c4v23ww25/source/v,ctech_lib_rcb_and.sv
g5ss_soc_visa/g5ss_soc_visa.sv.rtl.f,/p/hdk/cad/ctech/i3/ctech_exp_c4v23ww25/source/v,ctech_lib_tieoff_0.sv
g5ss_soc_visa/g5ss_soc_visa.sv.rtl.f,/p/hdk/cad/ctech/i3/ctech_exp_c4v23ww25/source/v,ctech_lib_tieoff_1.sv
gbe/gbe.sv.rtl.f,/p/hdk/cad/ctech/i3/ctech_exp_c4v23ww25/source/v,ctech_lib_aon_inv.sv
gbe/gbe.sv.rtl.f,/p/hdk/cad/ctech/i3/ctech_exp_c4v23ww25/source/v,ctech_lib_async_rst_latch_p.sv
gbe/gbe.sv.rtl.f,/p/hdk/cad/ctech/i3/ctech_exp_c4v23ww25/source/v,ctech_lib_bb_buf.sv
gbe/gbe.sv.rtl.f,/p/hdk/cad/ctech/i3/ctech_exp_c4v23ww25/source/v,ctech_lib_clk_gate_or_te.sv
gbe/gbe.sv.rtl.f,/p/hdk/cad/ctech/i3/ctech_exp_c4v23ww25/source/v,ctech_lib_clk_gate_te_rst.sv
gbe/gbe.sv.rtl.f,/p/hdk/cad/ctech/i3/ctech_exp_c4v23ww25/source/v,ctech_lib_clk_mux_2to1_glitchfree.sv
gbe/gbe.sv.rtl.f,/p/hdk/cad/ctech/i3/ctech_exp_c4v23ww25/source/v,ctech_lib_clk_rcb_and_without_latch.sv
gbe/gbe.sv.rtl.f,/p/hdk/cad/ctech/i3/ctech_exp_c4v23ww25/source/v,ctech_lib_clk_rcb_buf.sv
gbe/gbe.sv.rtl.f,/p/hdk/cad/ctech/i3/ctech_exp_c4v23ww25/source/v,ctech_lib_clk_rcb_or_without_latch.sv
gbe/gbe.sv.rtl.f,/p/hdk/cad/ctech/i3/ctech_exp_c4v23ww25/source/v,ctech_lib_glbdrv_buf.sv
gbe/gbe.sv.rtl.f,/p/hdk/cad/ctech/i3/ctech_exp_c4v23ww25/source/v,ctech_lib_glbdrv_inv.sv
gbe/gbe.sv.rtl.f,/p/hdk/cad/ctech/i3/ctech_exp_c4v23ww25/source/v,ctech_lib_glbdrvdiv1.sv
gbe/gbe.sv.rtl.f,/p/hdk/cad/ctech/i3/ctech_exp_c4v23ww25/source/v,ctech_lib_glbdrvdiv1_noscan.sv
gbe/gbe.sv.rtl.f,/p/hdk/cad/ctech/i3/ctech_exp_c4v23ww25/source/v,ctech_lib_glbdrvdiv2.sv
gbe/gbe.sv.rtl.f,/p/hdk/cad/ctech/i3/ctech_exp_c4v23ww25/source/v,ctech_lib_glbdrvdiv2_noscan.sv
gbe/gbe.sv.rtl.f,/p/hdk/cad/ctech/i3/ctech_exp_c4v23ww25/source/v,ctech_lib_glbdrvdiv2_scanmux.sv
gbe/gbe.sv.rtl.f,/p/hdk/cad/ctech/i3/ctech_exp_c4v23ww25/source/v,ctech_lib_glbdrvdiv4or2.sv
gbe/gbe.sv.rtl.f,/p/hdk/cad/ctech/i3/ctech_exp_c4v23ww25/source/v,ctech_lib_glbdrvls_clken.sv
gbe/gbe.sv.rtl.f,/p/hdk/cad/ctech/i3/ctech_exp_c4v23ww25/source/v,ctech_lib_latch_async_rst.sv
gbe/gbe.sv.rtl.f,/p/hdk/cad/ctech/i3/ctech_exp_c4v23ww25/source/v,ctech_lib_latch_async_rst_set.sv
gbe/gbe.sv.rtl.f,/p/hdk/cad/ctech/i3/ctech_exp_c4v23ww25/source/v,ctech_lib_latch_async_set.sv
gbe/gbe.sv.rtl.f,/p/hdk/cad/ctech/i3/ctech_exp_c4v23ww25/source/v,ctech_lib_msff_async_rst_en.sv
gbe/gbe.sv.rtl.f,/p/hdk/cad/ctech/i3/ctech_exp_c4v23ww25/source/v,ctech_lib_msff_async_rst_set.sv
gbe/gbe.sv.rtl.f,/p/hdk/cad/ctech/i3/ctech_exp_c4v23ww25/source/v,ctech_lib_msff_async_rst_set_clkb.sv
gbe/gbe.sv.rtl.f,/p/hdk/cad/ctech/i3/ctech_exp_c4v23ww25/source/v,ctech_lib_msff_async_rstb_scan.sv
gbe/gbe.sv.rtl.f,/p/hdk/cad/ctech/i3/ctech_exp_c4v23ww25/source/v,ctech_lib_msff_clkb.sv
gbe/gbe.sv.rtl.f,/p/hdk/cad/ctech/i3/ctech_exp_c4v23ww25/source/v,ctech_lib_programmable_delay_clk_buf.sv
gbe/gbe.sv.rtl.f,/p/hdk/cad/ctech/i3/ctech_exp_c4v23ww25/source/v,ctech_lib_rcb_and.sv
gbe/gbe.sv.rtl.f,/p/hdk/cad/ctech/i3/ctech_exp_c4v23ww25/source/v,ctech_lib_self_det0_levelshifter.sv
gbe/gbe.sv.rtl.f,/p/hdk/cad/ctech/i3/ctech_exp_c4v23ww25/source/v,ctech_lib_tieoff_0.sv
gbe/gbe.sv.rtl.f,/p/hdk/cad/ctech/i3/ctech_exp_c4v23ww25/source/v,ctech_lib_tieoff_1.sv
icc/icc.sv.rtl.f,/p/hdk/cad/ctech/i3/ctech_exp_c4v23ww25/source/v,ctech_lib_clk_mux_2to1_glitchfree.sv
ish/ish.sv.rtl.f,/p/hdk/cad/ctech/i3/ctech_exp_c4v23ww25/source/v,ctech_lib_msff_async_rst_set_clkb.sv
ish/ish.sv.rtl.f,/p/hdk/cad/ctech/i3/ctech_exp_c4v23ww25/source/v,ctech_lib_msff_clkb.sv
ish/ish.sv.rtl.f,/p/hdk/cad/ctech/i3/ctech_exp_c4v23ww25/source/v,ctech_lib_clk_mux_2to1_glitchfree.sv
ish/ish.sv.rtl.f,/p/hdk/cad/ctech/i3/ctech_exp_c4v23ww25/source/v,ctech_lib_latch_async_rst_set.sv
ish/ish.sv.rtl.f,/p/hdk/cad/ctech/i3/ctech_exp_c4v23ww25/source/v,ctech_lib_async_rst_latch_p.sv
ish/ish.sv.rtl.f,/p/hdk/cad/ctech/i3/ctech_exp_c4v23ww25/source/v,ctech_lib_latch_async_rst.sv
ish/ish.sv.rtl.f,/p/hdk/cad/ctech/i3/ctech_exp_c4v23ww25/source/v,ctech_lib_msff_async_rstb_scan.sv
ish/ish.sv.rtl.f,/p/hdk/cad/ctech/i3/ctech_exp_c4v23ww25/source/v,ctech_lib_tieoff_1.sv
ish/ish.sv.rtl.f,/p/hdk/cad/ctech/i3/ctech_exp_c4v23ww25/source/v,ctech_lib_msff_async_rst_set.sv
ish/ish.sv.rtl.f,/p/hdk/cad/ctech/i3/ctech_exp_c4v23ww25/source/v,ctech_lib_latch_async_set.sv
ish/ish.sv.rtl.f,/p/hdk/cad/ctech/i3/ctech_exp_c4v23ww25/source/v,ctech_lib_msff_async_rst_en.sv
ish/ish.sv.rtl.f,/p/hdk/cad/ctech/i3/ctech_exp_c4v23ww25/source/v,ctech_lib_tieoff_0.sv
ish/ish.sv.rtl.f,/p/hdk/cad/ctech/i3/ctech_exp_c4v23ww25/source/v,ctech_lib_rcb_and.sv
ish/ish.sv.rtl.f,/p/hdk/cad/ctech/i3/ctech_exp_c4v23ww25/source/v,ctech_lib_aon_inv.sv
lpc/lpc.sv.rtl.f,/p/hdk/cad/ctech/i3/ctech_exp_c4v23ww25/source/v,ctech_lib_msff_async_rst_en.sv
lpc/lpc.sv.rtl.f,/p/hdk/cad/ctech/i3/ctech_exp_c4v23ww25/source/v,ctech_lib_tieoff_0.sv
lpc/lpc.sv.rtl.f,/p/hdk/cad/ctech/i3/ctech_exp_c4v23ww25/source/v,ctech_lib_tieoff_1.sv
lpss/lpss.sv.rtl.f,/p/hdk/cad/ctech/i3/ctech_exp_c4v23ww25/source/v,ctech_lib_aon_inv.sv
osse/osse.sv.rtl.f,/p/hdk/cad/ctech/i3/ctech_exp_c4v23ww25/source/v,ctech_lib_aon_inv.sv
osse/osse.sv.rtl.f,/p/hdk/cad/ctech/i3/ctech_exp_c4v23ww25/source/v,ctech_lib_bb_buf.sv
pchlp/pchlp.sv.rtl.f,/p/hdk/cad/ctech/i3/ctech_exp_c4v23ww25/source/v,ctech_lib_msff_async_rst_en.sv
pchlp/pchlp.sv.rtl.f,/p/hdk/cad/ctech/i3/ctech_exp_c4v23ww25/source/v,ctech_lib_tieoff_0.sv
pchlp/pchlp.sv.rtl.f,/p/hdk/cad/ctech/i3/ctech_exp_c4v23ww25/source/v,ctech_lib_tieoff_1.sv
phygsk_usb3x2/phygsk_usb3x2.sv.rtl.f,/p/hdk/cad/ctech/i3/ctech_exp_c4v23ww25/source/v,ctech_lib_aon_inv.sv
pica/pica.sv.rtl.f,/p/hdk/cad/ctech/i3/ctech_exp_c4v23ww25/source/v,ctech_lib_bb_buf.sv
pica/pica.sv.rtl.f,/p/hdk/cad/ctech/i3/ctech_exp_c4v23ww25/source/v,ctech_lib_async_rst_latch_p.sv
pm_widget/pm_widget.sv.rtl.f,/p/hdk/cad/ctech/i3/ctech_exp_c4v23ww25/source/v,ctech_lib_tieoff_0.sv
pm_widget/pm_widget.sv.rtl.f,/p/hdk/cad/ctech/i3/ctech_exp_c4v23ww25/source/v,ctech_lib_tieoff_1.sv
pmc/pmc.sv.rtl.f,/p/hdk/cad/ctech/i3/ctech_exp_c4v23ww25/source/v,ctech_lib_msff_clkb.sv
pmc/pmc.sv.rtl.f,/p/hdk/cad/ctech/i3/ctech_exp_c4v23ww25/source/v,ctech_lib_msff_async_rst_set.sv
pmc/pmc.sv.rtl.f,/p/hdk/cad/ctech/i3/ctech_exp_c4v23ww25/source/v,ctech_lib_latch_async_rst.sv
pmc/pmc.sv.rtl.f,/p/hdk/cad/ctech/i3/ctech_exp_c4v23ww25/source/v,ctech_lib_msff_async_rst_en.sv
pmc/pmc.sv.rtl.f,/p/hdk/cad/ctech/i3/ctech_exp_c4v23ww25/source/v,ctech_lib_aon_inv.sv
pmc/pmc.sv.rtl.f,/p/hdk/cad/ctech/i3/ctech_exp_c4v23ww25/source/v,ctech_lib_bb_buf.sv
psf/psf.sv.rtl.f,/p/hdk/cad/ctech/i3/ctech_exp_c4v23ww25/source/v,ctech_lib_aon_inv.sv
psf_obs/psf_obs.sv.rtl.f,-y /p/hdk/cad/ctech/i3/ctech_exp_c4v23ww25/source/v/
psf_obs/psf_obs.sv.rtl.f,/p/hdk/cad/ctech/i3/ctech_exp_c4v23ww25/source/v,ctech_lib_async_rst_latch_p.sv
psf_obs/psf_obs.sv.rtl.f,/p/hdk/cad/ctech/i3/ctech_exp_c4v23ww25/source/v,ctech_lib_aon_inv.sv
psf_obs/psf_obs.sv.rtl.f,/p/hdk/cad/ctech/i3/ctech_exp_c4v23ww25/source/v,ctech_lib_clk_gate_or_te.sv
psf_obs/psf_obs.sv.rtl.f,/p/hdk/cad/ctech/i3/ctech_exp_c4v23ww25/source/v,ctech_lib_bb_buf.sv
psf_obs/psf_obs.sv.rtl.f,/p/hdk/cad/ctech/i3/ctech_exp_c4v23ww25/source/v,ctech_lib_clk_gate_te_rst.sv
psf_obs/psf_obs.sv.rtl.f,/p/hdk/cad/ctech/i3/ctech_exp_c4v23ww25/source/v,ctech_lib_clk_mux_2to1_glitchfree.sv
psf_obs/psf_obs.sv.rtl.f,/p/hdk/cad/ctech/i3/ctech_exp_c4v23ww25/source/v,ctech_lib_clk_rcb_and_without_latch.sv
psf_obs/psf_obs.sv.rtl.f,/p/hdk/cad/ctech/i3/ctech_exp_c4v23ww25/source/v,ctech_lib_clk_rcb_buf.sv
psf_obs/psf_obs.sv.rtl.f,/p/hdk/cad/ctech/i3/ctech_exp_c4v23ww25/source/v,ctech_lib_clk_rcb_or_without_latch.sv
psf_obs/psf_obs.sv.rtl.f,/p/hdk/cad/ctech/i3/ctech_exp_c4v23ww25/source/v,ctech_lib_glbdrv_buf.sv
psf_obs/psf_obs.sv.rtl.f,/p/hdk/cad/ctech/i3/ctech_exp_c4v23ww25/source/v,ctech_lib_glbdrv_inv.sv
psf_obs/psf_obs.sv.rtl.f,/p/hdk/cad/ctech/i3/ctech_exp_c4v23ww25/source/v,ctech_lib_glbdrvdiv1.sv
psf_obs/psf_obs.sv.rtl.f,/p/hdk/cad/ctech/i3/ctech_exp_c4v23ww25/source/v,ctech_lib_glbdrvdiv1_noscan.sv
psf_obs/psf_obs.sv.rtl.f,/p/hdk/cad/ctech/i3/ctech_exp_c4v23ww25/source/v,ctech_lib_glbdrvdiv2.sv
psf_obs/psf_obs.sv.rtl.f,/p/hdk/cad/ctech/i3/ctech_exp_c4v23ww25/source/v,ctech_lib_glbdrvdiv2_noscan.sv
psf_obs/psf_obs.sv.rtl.f,/p/hdk/cad/ctech/i3/ctech_exp_c4v23ww25/source/v,ctech_lib_glbdrvdiv2_scanmux.sv
psf_obs/psf_obs.sv.rtl.f,/p/hdk/cad/ctech/i3/ctech_exp_c4v23ww25/source/v,ctech_lib_glbdrvdiv4or2.sv
psf_obs/psf_obs.sv.rtl.f,/p/hdk/cad/ctech/i3/ctech_exp_c4v23ww25/source/v,ctech_lib_glbdrvls_clken.sv
psf_obs/psf_obs.sv.rtl.f,/p/hdk/cad/ctech/i3/ctech_exp_c4v23ww25/source/v,ctech_lib_latch_async_rst.sv
psf_obs/psf_obs.sv.rtl.f,/p/hdk/cad/ctech/i3/ctech_exp_c4v23ww25/source/v,ctech_lib_latch_async_rst_set.sv
psf_obs/psf_obs.sv.rtl.f,/p/hdk/cad/ctech/i3/ctech_exp_c4v23ww25/source/v,ctech_lib_latch_async_set.sv
psf_obs/psf_obs.sv.rtl.f,/p/hdk/cad/ctech/i3/ctech_exp_c4v23ww25/source/v,ctech_lib_msff_async_rst_en.sv
psf_obs/psf_obs.sv.rtl.f,/p/hdk/cad/ctech/i3/ctech_exp_c4v23ww25/source/v,ctech_lib_msff_async_rst_set.sv
psf_obs/psf_obs.sv.rtl.f,/p/hdk/cad/ctech/i3/ctech_exp_c4v23ww25/source/v,ctech_lib_msff_async_rst_set_clkb.sv
psf_obs/psf_obs.sv.rtl.f,/p/hdk/cad/ctech/i3/ctech_exp_c4v23ww25/source/v,ctech_lib_msff_async_rstb_scan.sv
psf_obs/psf_obs.sv.rtl.f,/p/hdk/cad/ctech/i3/ctech_exp_c4v23ww25/source/v,ctech_lib_msff_clkb.sv
psf_obs/psf_obs.sv.rtl.f,/p/hdk/cad/ctech/i3/ctech_exp_c4v23ww25/source/v,ctech_lib_programmable_delay_clk_buf.sv
psf_obs/psf_obs.sv.rtl.f,/p/hdk/cad/ctech/i3/ctech_exp_c4v23ww25/source/v,ctech_lib_rcb_and.sv
psf_obs/psf_obs.sv.rtl.f,/p/hdk/cad/ctech/i3/ctech_exp_c4v23ww25/source/v,ctech_lib_self_det0_levelshifter.sv
psf_obs/psf_obs.sv.rtl.f,/p/hdk/cad/ctech/i3/ctech_exp_c4v23ww25/source/v,ctech_lib_tieoff_0.sv
psf_obs/psf_obs.sv.rtl.f,/p/hdk/cad/ctech/i3/ctech_exp_c4v23ww25/source/v,ctech_lib_tieoff_1.sv
rtb/rtb.sv.rtl.f,/p/hdk/cad/ctech/i3/ctech_exp_c4v23ww25/source/v,ctech_lib_async_rst_latch_p.sv
rtb/rtb.sv.rtl.f,/p/hdk/cad/ctech/i3/ctech_exp_c4v23ww25/source/v,ctech_lib_aon_inv.sv
rtb/rtb.sv.rtl.f,/p/hdk/cad/ctech/i3/ctech_exp_c4v23ww25/source/v,ctech_lib_clk_gate_or_te.sv
rtb/rtb.sv.rtl.f,/p/hdk/cad/ctech/i3/ctech_exp_c4v23ww25/source/v,ctech_lib_bb_buf.sv
rtb/rtb.sv.rtl.f,/p/hdk/cad/ctech/i3/ctech_exp_c4v23ww25/source/v,ctech_lib_clk_gate_te_rst.sv
rtb/rtb.sv.rtl.f,/p/hdk/cad/ctech/i3/ctech_exp_c4v23ww25/source/v,ctech_lib_clk_mux_2to1_glitchfree.sv
rtb/rtb.sv.rtl.f,/p/hdk/cad/ctech/i3/ctech_exp_c4v23ww25/source/v,ctech_lib_clk_rcb_and_without_latch.sv
rtb/rtb.sv.rtl.f,/p/hdk/cad/ctech/i3/ctech_exp_c4v23ww25/source/v,ctech_lib_clk_rcb_buf.sv
rtb/rtb.sv.rtl.f,/p/hdk/cad/ctech/i3/ctech_exp_c4v23ww25/source/v,ctech_lib_clk_rcb_or_without_latch.sv
rtb/rtb.sv.rtl.f,/p/hdk/cad/ctech/i3/ctech_exp_c4v23ww25/source/v,ctech_lib_glbdrv_buf.sv
rtb/rtb.sv.rtl.f,/p/hdk/cad/ctech/i3/ctech_exp_c4v23ww25/source/v,ctech_lib_glbdrv_inv.sv
rtb/rtb.sv.rtl.f,/p/hdk/cad/ctech/i3/ctech_exp_c4v23ww25/source/v,ctech_lib_glbdrvdiv1.sv
rtb/rtb.sv.rtl.f,/p/hdk/cad/ctech/i3/ctech_exp_c4v23ww25/source/v,ctech_lib_glbdrvdiv1_noscan.sv
rtb/rtb.sv.rtl.f,/p/hdk/cad/ctech/i3/ctech_exp_c4v23ww25/source/v,ctech_lib_glbdrvdiv2.sv
rtb/rtb.sv.rtl.f,/p/hdk/cad/ctech/i3/ctech_exp_c4v23ww25/source/v,ctech_lib_glbdrvdiv2_noscan.sv
rtb/rtb.sv.rtl.f,/p/hdk/cad/ctech/i3/ctech_exp_c4v23ww25/source/v,ctech_lib_glbdrvdiv2_scanmux.sv
rtb/rtb.sv.rtl.f,/p/hdk/cad/ctech/i3/ctech_exp_c4v23ww25/source/v,ctech_lib_glbdrvdiv4or2.sv
rtb/rtb.sv.rtl.f,/p/hdk/cad/ctech/i3/ctech_exp_c4v23ww25/source/v,ctech_lib_glbdrvls_clken.sv
rtb/rtb.sv.rtl.f,/p/hdk/cad/ctech/i3/ctech_exp_c4v23ww25/source/v,ctech_lib_latch_async_rst.sv
rtb/rtb.sv.rtl.f,/p/hdk/cad/ctech/i3/ctech_exp_c4v23ww25/source/v,ctech_lib_latch_async_rst_set.sv
rtb/rtb.sv.rtl.f,/p/hdk/cad/ctech/i3/ctech_exp_c4v23ww25/source/v,ctech_lib_latch_async_set.sv
rtb/rtb.sv.rtl.f,/p/hdk/cad/ctech/i3/ctech_exp_c4v23ww25/source/v,ctech_lib_msff_async_rst_en.sv
rtb/rtb.sv.rtl.f,/p/hdk/cad/ctech/i3/ctech_exp_c4v23ww25/source/v,ctech_lib_msff_async_rst_set.sv
rtb/rtb.sv.rtl.f,/p/hdk/cad/ctech/i3/ctech_exp_c4v23ww25/source/v,ctech_lib_msff_async_rst_set_clkb.sv
rtb/rtb.sv.rtl.f,/p/hdk/cad/ctech/i3/ctech_exp_c4v23ww25/source/v,ctech_lib_msff_async_rstb_scan.sv
rtb/rtb.sv.rtl.f,/p/hdk/cad/ctech/i3/ctech_exp_c4v23ww25/source/v,ctech_lib_msff_clkb.sv
rtb/rtb.sv.rtl.f,/p/hdk/cad/ctech/i3/ctech_exp_c4v23ww25/source/v,ctech_lib_programmable_delay_clk_buf.sv
rtb/rtb.sv.rtl.f,/p/hdk/cad/ctech/i3/ctech_exp_c4v23ww25/source/v,ctech_lib_rcb_and.sv
rtb/rtb.sv.rtl.f,/p/hdk/cad/ctech/i3/ctech_exp_c4v23ww25/source/v,ctech_lib_self_det0_levelshifter.sv
rtb/rtb.sv.rtl.f,/p/hdk/cad/ctech/i3/ctech_exp_c4v23ww25/source/v,ctech_lib_tieoff_0.sv
rtb/rtb.sv.rtl.f,/p/hdk/cad/ctech/i3/ctech_exp_c4v23ww25/source/v,ctech_lib_tieoff_1.sv
rtc/rtc.sv.rtl.f,/p/hdk/cad/ctech/i3/ctech_exp_c4v23ww25/source/v,ctech_lib_msff_clkb.sv
rtc/rtc.sv.rtl.f,/p/hdk/cad/ctech/i3/ctech_exp_c4v23ww25/source/v,ctech_lib_clk_mux_2to1_glitchfree.sv
rtc/rtc.sv.rtl.f,/p/hdk/cad/ctech/i3/ctech_exp_c4v23ww25/source/v,ctech_lib_latch_async_rst_set.sv
rtc/rtc.sv.rtl.f,/p/hdk/cad/ctech/i3/ctech_exp_c4v23ww25/source/v,ctech_lib_async_rst_latch_p.sv
rtc/rtc.sv.rtl.f,/p/hdk/cad/ctech/i3/ctech_exp_c4v23ww25/source/v,ctech_lib_latch_async_rst.sv
rtc/rtc.sv.rtl.f,/p/hdk/cad/ctech/i3/ctech_exp_c4v23ww25/source/v,ctech_lib_msff_async_rstb_scan.sv
rtc/rtc.sv.rtl.f,/p/hdk/cad/ctech/i3/ctech_exp_c4v23ww25/source/v,ctech_lib_tieoff_1.sv
rtc/rtc.sv.rtl.f,/p/hdk/cad/ctech/i3/ctech_exp_c4v23ww25/source/v,ctech_lib_msff_async_rst_set.sv
rtc/rtc.sv.rtl.f,/p/hdk/cad/ctech/i3/ctech_exp_c4v23ww25/source/v,ctech_lib_latch_async_set.sv
rtc/rtc.sv.rtl.f,/p/hdk/cad/ctech/i3/ctech_exp_c4v23ww25/source/v,ctech_lib_msff_async_rst_en.sv
rtc/rtc.sv.rtl.f,/p/hdk/cad/ctech/i3/ctech_exp_c4v23ww25/source/v,ctech_lib_tieoff_0.sv
saf_south/saf_south.iop_rtl_lib.sv.rtl.f,/p/hdk/cad/ctech/i3/ctech_exp_c4v23ww25/source/v,ctech_lib_bb_buf.sv
saf_south/saf_south.iop_rtl_lib.sv.rtl.f,+incdir+/p/hdk/cad/ctech/i3/ctech_exp_c4v23ww25/source/v/
saf_south/saf_south.iop_rtl_lib.sv.rtl.f,-y /p/hdk/rtl/proj_tools/ctech_exp/ptl/23.01.001/source/v
saf_south/saf_south.iop_rtl_lib.sv.rtl.f,-y /p/hdk/cad/ctech/i3/ctech_exp_c4v23ww25/source/v/
saf_south/saf_south.nap_saf_rtl_lib.sv.rtl.f,/p/hdk/cad/ctech/i3/ctech_exp_c4v23ww25/source/v,ctech_lib_bb_buf.sv
saf_south/saf_south.noc_saf_rtl_lib.sv.rtl.f,/p/hdk/cad/ctech/i3/ctech_exp_c4v23ww25/source/v,ctech_lib_bb_buf.sv
saf_south/saf_south.sca_rtl_lib.sv.rtl.f,-y /p/hdk/cad/ctech/i3/ctech_exp_c4v23ww25/source/v
saf_south/saf_south.sca_rtl_lib.sv.rtl.f,+incdir+/p/hdk/cad/ctech/i3/ctech_exp_c4v23ww25/source/v
saf_south/saf_south.vtu_saf_rtl_lib.sv.rtl.f,/p/hdk/cad/ctech/i3/ctech_exp_c4v23ww25/source/v,ctech_lib_bb_buf.sv
saf_south/saf_south.iocce_rtl_lib.sv.rtl.f,-y /p/hdk/cad/ctech/i3/ctech_exp_c4v23ww25/source/v
saf_south/saf_south.iocce_rtl_lib.sv.rtl.f,+incdir+/p/hdk/cad/ctech/i3/ctech_exp_c4v23ww25/source/v
scc_ufs/scc_ufs.sv.rtl.f,/p/hdk/cad/ctech/i3/ctech_exp_c4v23ww25/source/v,ctech_lib_aon_inv.sv
smb/smb.sv.rtl.f,/p/hdk/cad/ctech/i3/ctech_exp_c4v23ww25/source/v,ctech_lib_msff_async_rst_set_clkb.sv
smb/smb.sv.rtl.f,/p/hdk/cad/ctech/i3/ctech_exp_c4v23ww25/source/v,ctech_lib_msff_clkb.sv
smb/smb.sv.rtl.f,/p/hdk/cad/ctech/i3/ctech_exp_c4v23ww25/source/v,ctech_lib_clk_mux_2to1_glitchfree.sv
smb/smb.sv.rtl.f,/p/hdk/cad/ctech/i3/ctech_exp_c4v23ww25/source/v,ctech_lib_latch_async_rst_set.sv
smb/smb.sv.rtl.f,/p/hdk/cad/ctech/i3/ctech_exp_c4v23ww25/source/v,ctech_lib_async_rst_latch_p.sv
smb/smb.sv.rtl.f,/p/hdk/cad/ctech/i3/ctech_exp_c4v23ww25/source/v,ctech_lib_latch_async_rst.sv
smb/smb.sv.rtl.f,/p/hdk/cad/ctech/i3/ctech_exp_c4v23ww25/source/v,ctech_lib_msff_async_rstb_scan.sv
smb/smb.sv.rtl.f,/p/hdk/cad/ctech/i3/ctech_exp_c4v23ww25/source/v,ctech_lib_tieoff_1.sv
smb/smb.sv.rtl.f,/p/hdk/cad/ctech/i3/ctech_exp_c4v23ww25/source/v,ctech_lib_msff_async_rst_set.sv
smb/smb.sv.rtl.f,/p/hdk/cad/ctech/i3/ctech_exp_c4v23ww25/source/v,ctech_lib_latch_async_set.sv
smb/smb.sv.rtl.f,/p/hdk/cad/ctech/i3/ctech_exp_c4v23ww25/source/v,ctech_lib_msff_async_rst_en.sv
smb/smb.sv.rtl.f,/p/hdk/cad/ctech/i3/ctech_exp_c4v23ww25/source/v,ctech_lib_tieoff_0.sv
smb/smb.sv.rtl.f,/p/hdk/cad/ctech/i3/ctech_exp_c4v23ww25/source/v,ctech_lib_rcb_and.sv
soc_visa/soc_visa.sv.rtl.f,/p/hdk/cad/ctech//ctech_exp_c3v18ww37c_hdk153_sip_sbx/source/CTECH_EXP_rtl_lib_top.vs
soc_visa/soc_visa.sv.rtl.f,/p/hdk/cad/ctech/i3/ctech_exp_c4v23ww25/source/v,ctech_lib_async_rst_latch_p.sv
soc_visa/soc_visa.sv.rtl.f,/p/hdk/cad/ctech/i3/ctech_exp_c4v23ww25/source/v,ctech_lib_clk_mux_2to1_glitchfree.sv
soc_visa/soc_visa.sv.rtl.f,/p/hdk/cad/ctech/i3/ctech_exp_c4v23ww25/source/v,ctech_lib_latch_async_rst.sv
soc_visa/soc_visa.sv.rtl.f,/p/hdk/cad/ctech/i3/ctech_exp_c4v23ww25/source/v,ctech_lib_latch_async_rst_set.sv
soc_visa/soc_visa.sv.rtl.f,/p/hdk/cad/ctech/i3/ctech_exp_c4v23ww25/source/v,ctech_lib_latch_async_set.sv
soc_visa/soc_visa.sv.rtl.f,/p/hdk/cad/ctech/i3/ctech_exp_c4v23ww25/source/v,ctech_lib_msff_async_rst_en.sv
soc_visa/soc_visa.sv.rtl.f,/p/hdk/cad/ctech/i3/ctech_exp_c4v23ww25/source/v,ctech_lib_msff_async_rst_set.sv
soc_visa/soc_visa.sv.rtl.f,/p/hdk/cad/ctech/i3/ctech_exp_c4v23ww25/source/v,ctech_lib_msff_async_rst_set_clkb.sv
soc_visa/soc_visa.sv.rtl.f,/p/hdk/cad/ctech/i3/ctech_exp_c4v23ww25/source/v,ctech_lib_msff_async_rstb_scan.sv
soc_visa/soc_visa.sv.rtl.f,/p/hdk/cad/ctech/i3/ctech_exp_c4v23ww25/source/v,ctech_lib_msff_clkb.sv
soc_visa/soc_visa.sv.rtl.f,/p/hdk/cad/ctech/i3/ctech_exp_c4v23ww25/source/v,ctech_lib_rcb_and.sv
soc_visa/soc_visa.sv.rtl.f,/p/hdk/cad/ctech/i3/ctech_exp_c4v23ww25/source/v,ctech_lib_tieoff_0.sv
soc_visa/soc_visa.sv.rtl.f,/p/hdk/cad/ctech/i3/ctech_exp_c4v23ww25/source/v,ctech_lib_tieoff_1.sv
spi/spi.sv.rtl.f,/p/hdk/cad/ctech/i3/ctech_exp_c4v23ww25/source/v,ctech_lib_async_rst_latch_p.sv
spi/spi.sv.rtl.f,/p/hdk/cad/ctech/i3/ctech_exp_c4v23ww25/source/v,ctech_lib_aon_inv.sv
spi/spi.sv.rtl.f,/p/hdk/cad/ctech/i3/ctech_exp_c4v23ww25/source/v,ctech_lib_msff_async_rstb_scan.sv
tcss/tcss.sv.rtl.f,/p/hdk/cad/ctech/i3/ctech_exp_c4v23ww25/source/v,ctech_lib_msff_async_rstb_scan.sv
tcss_dfx/tcss_dfx.sv.rtl.f,/p/hdk/cad/ctech/i3/ctech_exp_c4v23ww25/source/v,ctech_lib_msff_async_rstb_scan.sv
tcss_dfx/tcss_dfx.sv.rtl.f,/p/hdk/cad/ctech/i3/ctech_exp_c4v23ww25/source/v,ctech_lib_async_rst_latch_p.sv
tcss_iom/tcss_iom.sv.rtl.f,/p/hdk/cad/ctech/i3/ctech_exp_c4v23ww25/source/v,ctech_lib_async_rst_latch_p.sv
tcss_iom/tcss_iom.sv.rtl.f,/p/hdk/cad/ctech/i3/ctech_exp_c4v23ww25/source/v,ctech_lib_aon_inv.sv
tcss_iom/tcss_iom.sv.rtl.f,/p/hdk/cad/ctech/i3/ctech_exp_c4v23ww25/source/v,ctech_lib_clk_gate_or_te.sv
tcss_iom/tcss_iom.sv.rtl.f,/p/hdk/cad/ctech/i3/ctech_exp_c4v23ww25/source/v,ctech_lib_bb_buf.sv
tcss_iom/tcss_iom.sv.rtl.f,/p/hdk/cad/ctech/i3/ctech_exp_c4v23ww25/source/v,ctech_lib_clk_gate_te_rst.sv
tcss_iom/tcss_iom.sv.rtl.f,/p/hdk/cad/ctech/i3/ctech_exp_c4v23ww25/source/v,ctech_lib_clk_mux_2to1_glitchfree.sv
tcss_iom/tcss_iom.sv.rtl.f,/p/hdk/cad/ctech/i3/ctech_exp_c4v23ww25/source/v,ctech_lib_clk_rcb_and_without_latch.sv
tcss_iom/tcss_iom.sv.rtl.f,/p/hdk/cad/ctech/i3/ctech_exp_c4v23ww25/source/v,ctech_lib_clk_rcb_buf.sv
tcss_iom/tcss_iom.sv.rtl.f,/p/hdk/cad/ctech/i3/ctech_exp_c4v23ww25/source/v,ctech_lib_clk_rcb_or_without_latch.sv
tcss_iom/tcss_iom.sv.rtl.f,/p/hdk/cad/ctech/i3/ctech_exp_c4v23ww25/source/v,ctech_lib_glbdrv_buf.sv
tcss_iom/tcss_iom.sv.rtl.f,/p/hdk/cad/ctech/i3/ctech_exp_c4v23ww25/source/v,ctech_lib_glbdrv_inv.sv
tcss_iom/tcss_iom.sv.rtl.f,/p/hdk/cad/ctech/i3/ctech_exp_c4v23ww25/source/v,ctech_lib_glbdrvdiv1.sv
tcss_iom/tcss_iom.sv.rtl.f,/p/hdk/cad/ctech/i3/ctech_exp_c4v23ww25/source/v,ctech_lib_glbdrvdiv1_noscan.sv
tcss_iom/tcss_iom.sv.rtl.f,/p/hdk/cad/ctech/i3/ctech_exp_c4v23ww25/source/v,ctech_lib_glbdrvdiv2.sv
tcss_iom/tcss_iom.sv.rtl.f,/p/hdk/cad/ctech/i3/ctech_exp_c4v23ww25/source/v,ctech_lib_glbdrvdiv2_noscan.sv
tcss_iom/tcss_iom.sv.rtl.f,/p/hdk/cad/ctech/i3/ctech_exp_c4v23ww25/source/v,ctech_lib_glbdrvdiv2_scanmux.sv
tcss_iom/tcss_iom.sv.rtl.f,/p/hdk/cad/ctech/i3/ctech_exp_c4v23ww25/source/v,ctech_lib_glbdrvdiv4or2.sv
tcss_iom/tcss_iom.sv.rtl.f,/p/hdk/cad/ctech/i3/ctech_exp_c4v23ww25/source/v,ctech_lib_glbdrvls_clken.sv
tcss_iom/tcss_iom.sv.rtl.f,/p/hdk/cad/ctech/i3/ctech_exp_c4v23ww25/source/v,ctech_lib_latch_async_rst.sv
tcss_iom/tcss_iom.sv.rtl.f,/p/hdk/cad/ctech/i3/ctech_exp_c4v23ww25/source/v,ctech_lib_latch_async_rst_set.sv
tcss_iom/tcss_iom.sv.rtl.f,/p/hdk/cad/ctech/i3/ctech_exp_c4v23ww25/source/v,ctech_lib_latch_async_set.sv
tcss_iom/tcss_iom.sv.rtl.f,/p/hdk/cad/ctech/i3/ctech_exp_c4v23ww25/source/v,ctech_lib_msff_async_rst_en.sv
tcss_iom/tcss_iom.sv.rtl.f,/p/hdk/cad/ctech/i3/ctech_exp_c4v23ww25/source/v,ctech_lib_msff_async_rst_set.sv
tcss_iom/tcss_iom.sv.rtl.f,/p/hdk/cad/ctech/i3/ctech_exp_c4v23ww25/source/v,ctech_lib_msff_async_rst_set_clkb.sv
tcss_iom/tcss_iom.sv.rtl.f,/p/hdk/cad/ctech/i3/ctech_exp_c4v23ww25/source/v,ctech_lib_msff_async_rstb_scan.sv
tcss_iom/tcss_iom.sv.rtl.f,/p/hdk/cad/ctech/i3/ctech_exp_c4v23ww25/source/v,ctech_lib_msff_clkb.sv
tcss_iom/tcss_iom.sv.rtl.f,/p/hdk/cad/ctech/i3/ctech_exp_c4v23ww25/source/v,ctech_lib_programmable_delay_clk_buf.sv
tcss_iom/tcss_iom.sv.rtl.f,/p/hdk/cad/ctech/i3/ctech_exp_c4v23ww25/source/v,ctech_lib_rcb_and.sv
tcss_iom/tcss_iom.sv.rtl.f,/p/hdk/cad/ctech/i3/ctech_exp_c4v23ww25/source/v,ctech_lib_self_det0_levelshifter.sv
tcss_iom/tcss_iom.sv.rtl.f,/p/hdk/cad/ctech/i3/ctech_exp_c4v23ww25/source/v,ctech_lib_tieoff_0.sv
tcss_iom/tcss_iom.sv.rtl.f,/p/hdk/cad/ctech/i3/ctech_exp_c4v23ww25/source/v,ctech_lib_tieoff_1.sv
tcss_pcie/tcss_pcie.sv.rtl.f,/p/hdk/cad/ctech/i3/ctech_exp_c4v23ww25/source/v,ctech_lib_async_rst_latch_p.sv
tcss_pcie/tcss_pcie.sv.rtl.f,/p/hdk/cad/ctech/i3/ctech_exp_c4v23ww25/source/v,ctech_lib_aon_inv.sv
tcss_pcie/tcss_pcie.sv.rtl.f,/p/hdk/cad/ctech/i3/ctech_exp_c4v23ww25/source/v,ctech_lib_clk_gate_or_te.sv
tcss_pcie/tcss_pcie.sv.rtl.f,/p/hdk/cad/ctech/i3/ctech_exp_c4v23ww25/source/v,ctech_lib_bb_buf.sv
tcss_pcie/tcss_pcie.sv.rtl.f,/p/hdk/cad/ctech/i3/ctech_exp_c4v23ww25/source/v,ctech_lib_clk_gate_te_rst.sv
tcss_pcie/tcss_pcie.sv.rtl.f,/p/hdk/cad/ctech/i3/ctech_exp_c4v23ww25/source/v,ctech_lib_clk_mux_2to1_glitchfree.sv
tcss_pcie/tcss_pcie.sv.rtl.f,/p/hdk/cad/ctech/i3/ctech_exp_c4v23ww25/source/v,ctech_lib_clk_rcb_and_without_latch.sv
tcss_pcie/tcss_pcie.sv.rtl.f,/p/hdk/cad/ctech/i3/ctech_exp_c4v23ww25/source/v,ctech_lib_clk_rcb_buf.sv
tcss_pcie/tcss_pcie.sv.rtl.f,/p/hdk/cad/ctech/i3/ctech_exp_c4v23ww25/source/v,ctech_lib_clk_rcb_or_without_latch.sv
tcss_pcie/tcss_pcie.sv.rtl.f,/p/hdk/cad/ctech/i3/ctech_exp_c4v23ww25/source/v,ctech_lib_glbdrv_buf.sv
tcss_pcie/tcss_pcie.sv.rtl.f,/p/hdk/cad/ctech/i3/ctech_exp_c4v23ww25/source/v,ctech_lib_glbdrv_inv.sv
tcss_pcie/tcss_pcie.sv.rtl.f,/p/hdk/cad/ctech/i3/ctech_exp_c4v23ww25/source/v,ctech_lib_glbdrvdiv1.sv
tcss_pcie/tcss_pcie.sv.rtl.f,/p/hdk/cad/ctech/i3/ctech_exp_c4v23ww25/source/v,ctech_lib_glbdrvdiv1_noscan.sv
tcss_pcie/tcss_pcie.sv.rtl.f,/p/hdk/cad/ctech/i3/ctech_exp_c4v23ww25/source/v,ctech_lib_glbdrvdiv2.sv
tcss_pcie/tcss_pcie.sv.rtl.f,/p/hdk/cad/ctech/i3/ctech_exp_c4v23ww25/source/v,ctech_lib_glbdrvdiv2_noscan.sv
tcss_pcie/tcss_pcie.sv.rtl.f,/p/hdk/cad/ctech/i3/ctech_exp_c4v23ww25/source/v,ctech_lib_glbdrvdiv2_scanmux.sv
tcss_pcie/tcss_pcie.sv.rtl.f,/p/hdk/cad/ctech/i3/ctech_exp_c4v23ww25/source/v,ctech_lib_glbdrvdiv4or2.sv
tcss_pcie/tcss_pcie.sv.rtl.f,/p/hdk/cad/ctech/i3/ctech_exp_c4v23ww25/source/v,ctech_lib_glbdrvls_clken.sv
tcss_pcie/tcss_pcie.sv.rtl.f,/p/hdk/cad/ctech/i3/ctech_exp_c4v23ww25/source/v,ctech_lib_latch_async_rst.sv
tcss_pcie/tcss_pcie.sv.rtl.f,/p/hdk/cad/ctech/i3/ctech_exp_c4v23ww25/source/v,ctech_lib_latch_async_rst_set.sv
tcss_pcie/tcss_pcie.sv.rtl.f,/p/hdk/cad/ctech/i3/ctech_exp_c4v23ww25/source/v,ctech_lib_latch_async_set.sv
tcss_pcie/tcss_pcie.sv.rtl.f,/p/hdk/cad/ctech/i3/ctech_exp_c4v23ww25/source/v,ctech_lib_msff_async_rst_en.sv
tcss_pcie/tcss_pcie.sv.rtl.f,/p/hdk/cad/ctech/i3/ctech_exp_c4v23ww25/source/v,ctech_lib_msff_async_rst_set.sv
tcss_pcie/tcss_pcie.sv.rtl.f,/p/hdk/cad/ctech/i3/ctech_exp_c4v23ww25/source/v,ctech_lib_msff_async_rst_set_clkb.sv
tcss_pcie/tcss_pcie.sv.rtl.f,/p/hdk/cad/ctech/i3/ctech_exp_c4v23ww25/source/v,ctech_lib_msff_async_rstb_scan.sv
tcss_pcie/tcss_pcie.sv.rtl.f,/p/hdk/cad/ctech/i3/ctech_exp_c4v23ww25/source/v,ctech_lib_msff_clkb.sv
tcss_pcie/tcss_pcie.sv.rtl.f,/p/hdk/cad/ctech/i3/ctech_exp_c4v23ww25/source/v,ctech_lib_programmable_delay_clk_buf.sv
tcss_pcie/tcss_pcie.sv.rtl.f,/p/hdk/cad/ctech/i3/ctech_exp_c4v23ww25/source/v,ctech_lib_rcb_and.sv
tcss_pcie/tcss_pcie.sv.rtl.f,/p/hdk/cad/ctech/i3/ctech_exp_c4v23ww25/source/v,ctech_lib_self_det0_levelshifter.sv
tcss_pcie/tcss_pcie.sv.rtl.f,/p/hdk/cad/ctech/i3/ctech_exp_c4v23ww25/source/v,ctech_lib_tieoff_0.sv
tcss_pcie/tcss_pcie.sv.rtl.f,/p/hdk/cad/ctech/i3/ctech_exp_c4v23ww25/source/v,ctech_lib_tieoff_1.sv
tcss_pga/tcss_pga.sv.rtl.f,/p/hdk/cad/ctech/i3/ctech_exp_c4v23ww25/source/v,ctech_lib_aon_inv.sv
tcss_tbt/tcss_tbt.sv.rtl.f,/p/hdk/cad/ctech/i3/ctech_exp_c4v23ww25/source/v,ctech_lib_aon_inv.sv
tcss_tbt/tcss_tbt.sv.rtl.f,/p/hdk/cad/ctech/i3/ctech_exp_c4v23ww25/source/v,ctech_lib_async_rst_latch_p.sv
tcss_tbt/tcss_tbt.sv.rtl.f,/p/hdk/cad/ctech/i3/ctech_exp_c4v23ww25/source/v,ctech_lib_bb_buf.sv
tcss_tbt/tcss_tbt.sv.rtl.f,/p/hdk/cad/ctech/i3/ctech_exp_c4v23ww25/source/v,ctech_lib_clk_gate_or_te.sv
tcss_tbt/tcss_tbt.sv.rtl.f,/p/hdk/cad/ctech/i3/ctech_exp_c4v23ww25/source/v,ctech_lib_clk_gate_te_rst.sv
tcss_tbt/tcss_tbt.sv.rtl.f,/p/hdk/cad/ctech/i3/ctech_exp_c4v23ww25/source/v,ctech_lib_clk_mux_2to1_glitchfree.sv
tcss_tbt/tcss_tbt.sv.rtl.f,/p/hdk/cad/ctech/i3/ctech_exp_c4v23ww25/source/v,ctech_lib_clk_rcb_and_without_latch.sv
tcss_tbt/tcss_tbt.sv.rtl.f,/p/hdk/cad/ctech/i3/ctech_exp_c4v23ww25/source/v,ctech_lib_clk_rcb_buf.sv
tcss_tbt/tcss_tbt.sv.rtl.f,/p/hdk/cad/ctech/i3/ctech_exp_c4v23ww25/source/v,ctech_lib_clk_rcb_or_without_latch.sv
tcss_tbt/tcss_tbt.sv.rtl.f,/p/hdk/cad/ctech/i3/ctech_exp_c4v23ww25/source/v,ctech_lib_glbdrv_buf.sv
tcss_tbt/tcss_tbt.sv.rtl.f,/p/hdk/cad/ctech/i3/ctech_exp_c4v23ww25/source/v,ctech_lib_glbdrv_inv.sv
tcss_tbt/tcss_tbt.sv.rtl.f,/p/hdk/cad/ctech/i3/ctech_exp_c4v23ww25/source/v,ctech_lib_glbdrvdiv1.sv
tcss_tbt/tcss_tbt.sv.rtl.f,/p/hdk/cad/ctech/i3/ctech_exp_c4v23ww25/source/v,ctech_lib_glbdrvdiv1_noscan.sv
tcss_tbt/tcss_tbt.sv.rtl.f,/p/hdk/cad/ctech/i3/ctech_exp_c4v23ww25/source/v,ctech_lib_glbdrvdiv2.sv
tcss_tbt/tcss_tbt.sv.rtl.f,/p/hdk/cad/ctech/i3/ctech_exp_c4v23ww25/source/v,ctech_lib_glbdrvdiv2_noscan.sv
tcss_tbt/tcss_tbt.sv.rtl.f,/p/hdk/cad/ctech/i3/ctech_exp_c4v23ww25/source/v,ctech_lib_glbdrvdiv2_scanmux.sv
tcss_tbt/tcss_tbt.sv.rtl.f,/p/hdk/cad/ctech/i3/ctech_exp_c4v23ww25/source/v,ctech_lib_glbdrvdiv4or2.sv
tcss_tbt/tcss_tbt.sv.rtl.f,/p/hdk/cad/ctech/i3/ctech_exp_c4v23ww25/source/v,ctech_lib_glbdrvls_clken.sv
tcss_tbt/tcss_tbt.sv.rtl.f,/p/hdk/cad/ctech/i3/ctech_exp_c4v23ww25/source/v,ctech_lib_latch_async_rst.sv
tcss_tbt/tcss_tbt.sv.rtl.f,/p/hdk/cad/ctech/i3/ctech_exp_c4v23ww25/source/v,ctech_lib_latch_async_rst_set.sv
tcss_tbt/tcss_tbt.sv.rtl.f,/p/hdk/cad/ctech/i3/ctech_exp_c4v23ww25/source/v,ctech_lib_latch_async_set.sv
tcss_tbt/tcss_tbt.sv.rtl.f,/p/hdk/cad/ctech/i3/ctech_exp_c4v23ww25/source/v,ctech_lib_msff_async_rst_en.sv
tcss_tbt/tcss_tbt.sv.rtl.f,/p/hdk/cad/ctech/i3/ctech_exp_c4v23ww25/source/v,ctech_lib_msff_async_rst_set.sv
tcss_tbt/tcss_tbt.sv.rtl.f,/p/hdk/cad/ctech/i3/ctech_exp_c4v23ww25/source/v,ctech_lib_msff_async_rst_set_clkb.sv
tcss_tbt/tcss_tbt.sv.rtl.f,/p/hdk/cad/ctech/i3/ctech_exp_c4v23ww25/source/v,ctech_lib_msff_async_rstb_scan.sv
tcss_tbt/tcss_tbt.sv.rtl.f,/p/hdk/cad/ctech/i3/ctech_exp_c4v23ww25/source/v,ctech_lib_msff_clkb.sv
tcss_tbt/tcss_tbt.sv.rtl.f,/p/hdk/cad/ctech/i3/ctech_exp_c4v23ww25/source/v,ctech_lib_programmable_delay_clk_buf.sv
tcss_tbt/tcss_tbt.sv.rtl.f,/p/hdk/cad/ctech/i3/ctech_exp_c4v23ww25/source/v,ctech_lib_rcb_and.sv
tcss_tbt/tcss_tbt.sv.rtl.f,/p/hdk/cad/ctech/i3/ctech_exp_c4v23ww25/source/v,ctech_lib_self_det0_levelshifter.sv
tcss_tbt/tcss_tbt.sv.rtl.f,/p/hdk/cad/ctech/i3/ctech_exp_c4v23ww25/source/v,ctech_lib_tieoff_0.sv
tcss_tbt/tcss_tbt.sv.rtl.f,/p/hdk/cad/ctech/i3/ctech_exp_c4v23ww25/source/v,ctech_lib_tieoff_1.sv
tcss_usb3x/tcss_usb3x.sv.rtl.f,/p/hdk/cad/ctech/i3/ctech_exp_c4v23ww25/source/v,ctech_lib_msff_async_rstb_scan.sv
tcss_usb3x/tcss_usb3x.sv.rtl.f,/p/hdk/cad/ctech/i3/ctech_exp_c4v23ww25/source/v,ctech_lib_aon_inv.sv
thc/thc.sv.rtl.f,/p/hdk/cad/ctech/i3/ctech_exp_c4v23ww25/source/v,ctech_lib_aon_inv.sv
usb3/usb3.sv.rtl.f,/p/hdk/cad/ctech/i3/ctech_exp_c4v23ww25/source/v,ctech_lib_async_rst_latch_p.sv
usb3/usb3.sv.rtl.f,/p/hdk/cad/ctech/i3/ctech_exp_c4v23ww25/source/v,ctech_lib_aon_inv.sv
usb3/usb3.sv.rtl.f,/p/hdk/cad/ctech/i3/ctech_exp_c4v23ww25/source/v,ctech_lib_msff_async_rstb_scan.sv
usb3/usb3.sv.rtl.f,/p/hdk/cad/ctech/i3/ctech_exp_c4v23ww25/source/v,ctech_lib_clk_mux_2to1_glitchfree.sv
usb3/usb3.sv.rtl.f,/p/hdk/cad/ctech/i3/ctech_exp_c4v23ww25/source/v,ctech_lib_latch_async_rst.sv
usb3/usb3.sv.rtl.f,/p/hdk/cad/ctech/i3/ctech_exp_c4v23ww25/source/v,ctech_lib_latch_async_rst_set.sv
usb3/usb3.sv.rtl.f,/p/hdk/cad/ctech/i3/ctech_exp_c4v23ww25/source/v,ctech_lib_latch_async_set.sv
usb3/usb3.sv.rtl.f,/p/hdk/cad/ctech/i3/ctech_exp_c4v23ww25/source/v,ctech_lib_msff_async_rst_en.sv
usb3/usb3.sv.rtl.f,/p/hdk/cad/ctech/i3/ctech_exp_c4v23ww25/source/v,ctech_lib_msff_async_rst_set.sv
usb3/usb3.sv.rtl.f,/p/hdk/cad/ctech/i3/ctech_exp_c4v23ww25/source/v,ctech_lib_msff_async_rst_set_clkb.sv
usb3/usb3.sv.rtl.f,/p/hdk/cad/ctech/i3/ctech_exp_c4v23ww25/source/v,ctech_lib_msff_clkb.sv
usb3/usb3.sv.rtl.f,/p/hdk/cad/ctech/i3/ctech_exp_c4v23ww25/source/v,ctech_lib_rcb_and.sv
usb3/usb3.sv.rtl.f,/p/hdk/cad/ctech/i3/ctech_exp_c4v23ww25/source/v,ctech_lib_tieoff_0.sv
usb3/usb3.sv.rtl.f,/p/hdk/cad/ctech/i3/ctech_exp_c4v23ww25/source/v,ctech_lib_tieoff_1.sv
